,links
0,/kevin-briceno/profil/spieler/194210
1,/aaron-cruz/profil/spieler/192326
2,/alejandro-gomez/profil/spieler/194006
3,/aubrey-david/profil/spieler/113400
4,/alexander-robinson/profil/spieler/111792
5,/jean-carlo-aguero/profil/spieler/278146
6,/roy-miller/profil/spieler/36454
7,/jaikel-medina/profil/spieler/194923
8,/luis-hernandez/profil/spieler/401439
9,/walter-cortes/profil/spieler/539033
10,/ricardo-blanco/profil/spieler/128503
11,/yostin-salinas/profil/spieler/387192
12,/yael-lopez/profil/spieler/492266
13,/david-guzman/profil/spieler/124978
14,/michael-barrantes/profil/spieler/79619
15,/jaylon-hadden/profil/spieler/496176
16,/juan-guzman/profil/spieler/161672
17,/jonathan-martinez/profil/spieler/401441
18,/esteban-rodriguez/profil/spieler/141309
19,/byron-bonilla/profil/spieler/478518
20,/rodolfo-alfaro/profil/spieler/378516
21,/marvin-angulo/profil/spieler/122678
22,/mariano-torres/profil/spieler/63596
23,/luis-stewart-perez/profil/spieler/141307
24,/johan-venegas/profil/spieler/195424
25,/christian-bolanos/profil/spieler/38163
26,/david-ramirez/profil/spieler/273980
27,/ariel-rodriguez/profil/spieler/195831
28,/manfred-ugalde/profil/spieler/645173
29,/esteban-alvarado/profil/spieler/128502
30,/bryan-segura/profil/spieler/298212
31,/alexandre-lezcano/profil/spieler/730525
32,/keyner-brown/profil/spieler/194211
33,/aaron-salazar/profil/spieler/481107
34,/ariel-soto/profil/spieler/131264
35,/christian-reyes/profil/spieler/385661
36,/mauricio-nunez/profil/spieler/234158
37,/diego-gonzalez/profil/spieler/560451
38,/keysher-fuller/profil/spieler/525122
39,/orlando-galo/profil/spieler/549756
40,/yeltsin-tejeda/profil/spieler/194218
41,/randall-azofeifa/profil/spieler/39564
42,/esteban-granados/profil/spieler/105861
43,/jose-mora/profil/spieler/278363
44,/fabrizio-ramirez/profil/spieler/330990
45,/reimond-salas/profil/spieler/222164
46,/suhander-zuniga/profil/spieler/335188
47,/berny-burke/profil/spieler/308166
48,/gerson-torres/profil/spieler/372737
49,/nextaly-rodriguez/profil/spieler/486278
50,/alexis-lopez/profil/spieler/687555
51,/john-jairo-ruiz/profil/spieler/192347
52,/yendrick-ruiz/profil/spieler/111904
53,/alberth-villalobos/profil/spieler/278377
54,/brayan-rojas/profil/spieler/372732
55,/keyder-bernard/profil/spieler/471989
56,/nael-wellofky-elysee/profil/spieler/628839
57,/leonel-moreira/profil/spieler/126911
58,/adonis-pineda/profil/spieler/401552
59,/mauricio-vargas/profil/spieler/131266
60,/johnny-alvarez/profil/spieler/662999
61,/adolfo-machado/profil/spieler/81286
62,/kenner-gutierrez/profil/spieler/128520
63,/fernan-faerron/profil/spieler/378520
64,/junior-diaz/profil/spieler/35383
65,/christopher-meneses/profil/spieler/190258
66,/facundo-zabala/profil/spieler/660140
67,/jose-salvatierra/profil/spieler/187772
68,/luis-sequeira/profil/spieler/278158
69,/jose-miguel-cubero/profil/spieler/122680
70,/bernald-alfaro/profil/spieler/372731
71,/allen-guevara/profil/spieler/121689
72,/barlon-sequeira/profil/spieler/401442
73,/dylan-flores/profil/spieler/131250
74,/alexander-lopez/profil/spieler/131277
75,/anthony-lopez/profil/spieler/461081
76,/ariel-lassiter/profil/spieler/329713
77,/jonathan-moya/profil/spieler/131257
78,/jonathan-mcdonald/profil/spieler/38232
79,/darryl-parker/profil/spieler/278832
80,/luis-diego-rivas/profil/spieler/372728
81,/kenneth-villalobos/profil/spieler/558250
82,/joaquin-aguirre/profil/spieler/213956
83,/jameson-scott/profil/spieler/215472
84,/heyreel-saravia/profil/spieler/221976
85,/erick-cabalceta/profil/spieler/194908
86,/daniel-chacon/profil/spieler/524992
87,/ryan-bolanos/profil/spieler/433651
88,/jose-sosa/profil/spieler/247826
89,/william-quiros/profil/spieler/211500
90,/kevin-arrieta/profil/spieler/194903
91,/diego-sanchez/profil/spieler/482675
92,/mauricio-montero/profil/spieler/194924
93,/carlos-hernandez/profil/spieler/122699
94,/jeikel-venegas/profil/spieler/307318
95,/jorman-sanchez/profil/spieler/483361
96,/edder-solorzano/profil/spieler/345834
97,/kendal-gallardo/profil/spieler/552478
98,/manfred-russell/profil/spieler/111794
99,/cristopher-nunez/profil/spieler/435605
100,/diego-estrada/profil/spieler/128514
101,/ronaldo-araya/profil/spieler/524991
102,/francesco-celeste/profil/spieler/302457
103,/marcel-hernandez/profil/spieler/188464
104,/giovanni-clunie/profil/spieler/288851
105,/jonathan-hansen/profil/spieler/89265
106,/patrick-pemberton/profil/spieler/102376
107,/kevin-chamorro/profil/spieler/378521
108,/jason-vega/profil/spieler/447334
109,/rudy-dawson/profil/spieler/111917
110,/lucas-meza/profil/spieler/446546
111,/fernando-brenes/profil/spieler/335190
112,/alvaro-aguilar/profil/spieler/195442
113,/pablo-arboine/profil/spieler/401437
114,/greivin-mendez/profil/spieler/385362
115,/david-sanchez/profil/spieler/268709
116,/jordan-smith/profil/spieler/192317
117,/marvin-obando/profil/spieler/193838
118,/raheem-cole/profil/spieler/582950
119,/christian-martinez/profil/spieler/374720
120,/carlos-acosta/profil/spieler/128818
121,/roberto-cordoba/profil/spieler/401445
122,/juan-bustos-golobio/profil/spieler/131251
123,/omar-browne/profil/spieler/189523
124,/jossimar-pemberton/profil/spieler/290072
125,/esteban-ramirez/profil/spieler/190265
126,/diego-madrigal/profil/spieler/128528
127,/randy-chirino/profil/spieler/374708
128,/jorman-aguilar/profil/spieler/189521
129,/julio-cruz/profil/spieler/347579
130,/alvaro-saborio/profil/spieler/35378
131,/rachid-chirino/profil/spieler/647897
132,/marcos-mena/profil/spieler/195437
133,/juan-vicente-solis/profil/spieler/195470
134,/douglas-forvis/profil/spieler/380193
135,/bryan-cordero/profil/spieler/235435
136,/emer-espinoza/profil/spieler/380209
137,/byron-gutierrez/profil/spieler/680216
138,/armando-ruiz/profil/spieler/631984
139,/juan-diego-madrigal/profil/spieler/195380
140,/randall-alvarado/profil/spieler/211475
141,/alvin-bennett/profil/spieler/235332
142,/jose-garro/profil/spieler/26650
143,/jemark-hernandez/profil/spieler/249629
144,/shaquille-coronado/profil/spieler/189526
145,/michael-barquero/profil/spieler/195429
146,/yeremy-araya/profil/spieler/214806
147,/jason-ingram/profil/spieler/418623
148,/maikol-barrantes/profil/spieler/383938
149,/douglas-lopez/profil/spieler/580201
150,/victor-griffith/profil/spieler/496062
151,/osvaldo-rodriguez/profil/spieler/195285
152,/miguel-tercero/profil/spieler/647882
153,/brayan-lopez/profil/spieler/224998
154,/denilson-mora/profil/spieler/431873
155,/denilson-mason/profil/spieler/433647
156,/anderson-nunez/profil/spieler/599286
157,/kenny-cunningham/profil/spieler/195463
158,/javon-east/profil/spieler/563479
159,/starling-matarrita/profil/spieler/195282
160,/steven-williams/profil/spieler/422870
161,/josimar-mendez/profil/spieler/585844
162,/chimdum-mez/profil/spieler/354839
163,/luis-torres/profil/spieler/194029
164,/alejandro-barrientos/profil/spieler/401435
165,/luis-diego-sequeira/profil/spieler/157163
166,/kevin-espinoza/profil/spieler/405436
167,/jason-prendas/profil/spieler/308257
168,/lautaro-ayala/profil/spieler/420061
169,/dario-delgado/profil/spieler/113867
170,/marcos-meneses/profil/spieler/353669
171,/jason-scott/profil/spieler/195391
172,/josue-rodriguez/profil/spieler/265744
173,/brandon-bonilla/profil/spieler/448192
174,/andrey-mora/profil/spieler/487179
175,/sebastian-gonzalez/profil/spieler/485032
176,/carlos-martinez/profil/spieler/511169
177,/jonathan-cuellar/profil/spieler/745168
178,/victor-murillo/profil/spieler/353621
179,/eduardo-juarez/profil/spieler/401449
180,/aaron-murillo/profil/spieler/401440
181,/felipe-chaves/profil/spieler/192899
182,/sergio-nunez/profil/spieler/599771
183,/jose-luis-cordero/profil/spieler/111957
184,/kenneth-carvajal/profil/spieler/450466
185,/wilson-villalobos/profil/spieler/481106
186,/din-john-arias/profil/spieler/380215
187,/arturo-campos/profil/spieler/353503
188,/frank-zamora/profil/spieler/248369
189,/andres-gomez/profil/spieler/525047
190,/alonso-martinez/profil/spieler/479870
191,/keylor-diaz/profil/spieler/363878
192,/kevin-ruiz/profil/spieler/278157
193,/ignacio-alfaro/profil/spieler/551978
194,/guillermo-alan/profil/spieler/687643
195,/adrian-chevez/profil/spieler/481110
196,/richard-steven/profil/spieler/703729
197,/jean-carlos-sanchez/profil/spieler/194021
198,/kevin-chinchilla/profil/spieler/709993
199,/leonel-peralta/profil/spieler/353504
200,/esteban-espinoza/profil/spieler/353858
201,/sebastian-pages/profil/spieler/654577
202,/jose-vargas/profil/spieler/259228
203,/shain-brown/profil/spieler/486279
204,/junior-delgado/profil/spieler/687855
205,/roger-cortes/profil/spieler/579820
206,/alvaro-zamora/profil/spieler/731899
207,/bayron-jimenez/profil/spieler/335189
208,/jefferson-brenes/profil/spieler/564842
209,/youstin-salas/profil/spieler/322958
210,/juan-pablo-arguedas/profil/spieler/479496
211,/jordy-hernandez/profil/spieler/703681
212,/joseph-bolanos/profil/spieler/547984
213,/carlos-villegas/profil/spieler/481111
214,/jose-leiton/profil/spieler/278826
215,/kenneth-cerdas/profil/spieler/278349
216,/moises-arce/profil/spieler/357434
217,/alvaro-sanchez/profil/spieler/108462
218,/jose-pablo-cordoba/profil/spieler/663010
219,/harry-rojas/profil/spieler/353502
220,/aldo-magana/profil/spieler/425010
221,/alejandro-castro/profil/spieler/128510
222,/anthony-contreras/profil/spieler/483362
223,/brayan-morales/profil/spieler/195283
224,/nestor-mena/profil/spieler/242829
225,/guido-jimenez/profil/spieler/447453
226,/keilor-soto/profil/spieler/90850
227,/edder-monguio/profil/spieler/195446
228,/jorge-ramirez/profil/spieler/214968
229,/asdrubal-gibbons/profil/spieler/335438
230,/marco-barrantes/profil/spieler/350427
231,/jhamir-ordain/profil/spieler/195284
232,/dennis-castillo/profil/spieler/417624
233,/cristian-hernandez/profil/spieler/690442
234,/francisco-ramirez/profil/spieler/736755
235,/luis-barrantes/profil/spieler/215323
236,/gustavo-diaz/profil/spieler/257938
237,/jake-beckford/profil/spieler/240127
238,/jose-sanchez/profil/spieler/122686
239,/joshua-navarro/profil/spieler/580230
240,/anthony-mata/profil/spieler/353622
241,/axel-amador/profil/spieler/599772
242,/pablo-azcurra/profil/spieler/89275
243,/gabriel-leiva/profil/spieler/224898
244,/cesar-elizondo/profil/spieler/111785
245,/alexis-ramos/profil/spieler/526288
246,/craig-foster/profil/spieler/205408
247,/deibys-jimenez/profil/spieler/381019
248,/luis-alpizar/profil/spieler/364448
249,/jussef-delgado/profil/spieler/349816
250,/guillermo-barrera/profil/spieler/552477
251,/greivin-diaz/profil/spieler/730843
252,/marvin-esquivel/profil/spieler/703730
253,/kevin-fajardo/profil/spieler/175326
254,/william-fernandez/profil/spieler/265624
255,/rafael-nunez/profil/spieler/194499
256,/pablo-calderon/profil/spieler/706577
257,/yeison-molina/profil/spieler/687895
258,/wilmar-nunez/profil/spieler/278393
259,/jorge-gutierrez/profil/spieler/224858
260,/francisco-flores/profil/spieler/121684
261,/sebastian-castro/profil/spieler/540961
262,/esteban-cano/profil/spieler/742596
263,/kevin-patino/profil/spieler/687894
264,/grehivin-marchena/profil/spieler/479869
265,/freddy-alvarez/profil/spieler/309857
266,/luis-jose-gutierrez/profil/spieler/574065
267,/jefry-valverde/profil/spieler/300166
268,/walter-chevez/profil/spieler/121683
269,/yonaike-mora/profil/spieler/687898
270,/javier-camareno/profil/spieler/385327
271,/carlos-soza/profil/spieler/139184
272,/jurguens-montenegro/profil/spieler/549758
273,/luis-rodriguez/profil/spieler/450091
274,/ricardo-pires/profil/spieler/482166
275,/daniel-cambronero/profil/spieler/113866
276,/manuel-loaiza/profil/spieler/339761
277,/jorge-jara/profil/spieler/256187
278,/jose-pablo-perez/profil/spieler/699695
279,/steven-chaves/profil/spieler/730416
280,/carlos-montenegro/profil/spieler/224644
281,/mario-ramirez/profil/spieler/738234
282,/esteban-marin/profil/spieler/419381
283,/yurguin-roman/profil/spieler/392455
284,/lemark-hernandez/profil/spieler/195154
285,/randal-cordero/profil/spieler/322102
286,/edder-nelson/profil/spieler/194498
287,/kevin-sancho/profil/spieler/132229
288,/jose-leiva/profil/spieler/246393
289,/bryan-sanchez/profil/spieler/194519
290,/luis-miguel-valle/profil/spieler/188466
291,/verny-scott/profil/spieler/195392
292,/renato-mencia/profil/spieler/737888
293,/fabian-oviedo/profil/spieler/447920
294,/royner-rojas/profil/spieler/706578
295,/mauricio-castillo/profil/spieler/159394
296,/johan-condega/profil/spieler/231151
297,/hernan-fener/profil/spieler/277473
298,/daniel-quiros/profil/spieler/194517
299,/pedro-baez/profil/spieler/436375
300,/juan-fallas/profil/spieler/749311
301,/dexter-lewis/profil/spieler/86086
302,/luis-sirias/profil/spieler/736763
303,/rasheed-garcia/profil/spieler/730619
304,/roy-smith/profil/spieler/128542
305,/elking-scoby/profil/spieler/211678
306,/jorkaeff-azofeifa/profil/spieler/736766
307,/kareem-mclean/profil/spieler/195156
308,/jonaiker-gamboa/profil/spieler/606158
309,/pedro-leal/profil/spieler/128524
310,/joshua-cayasso/profil/spieler/596320
311,/luis-perez/profil/spieler/234511
312,/jefferson-rivera/profil/spieler/737875
313,/darlon-levell/profil/spieler/582955
314,/sheldon-harris/profil/spieler/666329
315,/johnny-gordon/profil/spieler/385363
316,/kevin-cunningham/profil/spieler/195150
317,/marvin-esquivel/profil/spieler/315542
318,/kadeem-cole/profil/spieler/617290
319,/alexander-espinoza/profil/spieler/195151
320,/yoserth-hernandez/profil/spieler/422744
321,/andrey-francis/profil/spieler/195161
322,/yuaycell-wright/profil/spieler/215743
323,/roan-wilson/profil/spieler/645191
324,/jesus-chaves/profil/spieler/736761
325,/guillermo-brooks/profil/spieler/687897
326,/jairo-monge/profil/spieler/236293
327,/olman-artavia/profil/spieler/627049
328,/juan-pablo-vargas/profil/spieler/271907
329,/pablo-salazar/profil/spieler/118066
330,/leonardo-gonzalez/profil/spieler/38222
331,/rene-miranda/profil/spieler/377454
332,/jose-luis-quiros/profil/spieler/557320
333,/allan-cruz/profil/spieler/313234
334,/luis-diaz/profil/spieler/538984
335,/omar-arellano/profil/spieler/52581
336,/yecxy-jarquin/profil/spieler/524971
337,/jimmy-marin/profil/spieler/372730
338,/edgar-lugo/profil/spieler/53183
339,/yeison-esquivel/profil/spieler/379363
340,/jose-guillermo-ortiz/profil/spieler/256343
341,/francisco-rodriguez/profil/spieler/278368
342,/antonio-pedroza/profil/spieler/82805
343,/mynor-escoe/profil/spieler/170926
344,/jairo-arrieta/profil/spieler/51620
345,/kenneth-dixon/profil/spieler/214815
346,/victor-nunez/profil/spieler/39633
347,/patrick-sequeira/profil/spieler/378482
348,/danny-cordero/profil/spieler/654556
349,/daniel-rojas/profil/spieler/661311
350,/alejandro-cabral/profil/spieler/320756
351,/heiner-mora/profil/spieler/125410
352,/greivin-fonseca/profil/spieler/539032
353,/randall-leal/profil/spieler/297786
354,/anderson-fernandez/profil/spieler/654576
355,/daniel-colindres/profil/spieler/195279
356,/rubilio-castillo/profil/spieler/356024
357,/tassio/profil/spieler/70576
358,/julen-cordero/profil/spieler/539028
359,/orlando-sinclair/profil/spieler/614412
360,/henry-figueroa/profil/spieler/333194
361,/porfirio-lopez/profil/spieler/156056
362,/allan-miranda/profil/spieler/215327
363,/diego-mesen/profil/spieler/401436
364,/dario-alfaro/profil/spieler/477801
365,/esteban-solorzano/profil/spieler/655475
366,/juan-pablo-arce/profil/spieler/663001
367,/luis-garrido/profil/spieler/221903
368,/esteban-mata/profil/spieler/378522
369,/geancarlo-castro/profil/spieler/647943
370,/maalique-foster/profil/spieler/563478
371,/daniel-villegas/profil/spieler/401447
372,/elian-morales/profil/spieler/649914
373,/paulo-santamaria/profil/spieler/647945
374,/axel-bustos/profil/spieler/647944
375,/marcos-urena/profil/spieler/118074
376,/roger-rojas/profil/spieler/112440
377,/abdiel-arroyo/profil/spieler/283472
378,/bryan-jimenez/profil/spieler/481109
379,/keylor-ramirez/profil/spieler/627053
380,/ricardo-espinoza/profil/spieler/660144
381,/yonatan-chaves/profil/spieler/442525
382,/juan-delgadillo/profil/spieler/298676
383,/sadier-camacho/profil/spieler/365226
384,/kevin-vega/profil/spieler/215873
385,/flavio-fonseca/profil/spieler/549231
386,/shakir-lobo/profil/spieler/599228
387,/jose-arias/profil/spieler/618519
388,/jose-lapentty/profil/spieler/662374
389,/nestor-monge/profil/spieler/195536
390,/jose-carlos-perez/profil/spieler/214827
391,/paolo-jimenez/profil/spieler/89493
392,/juan-arellano/profil/spieler/589388
393,/nelson-barahona/profil/spieler/76668
394,/felipe-nunez/profil/spieler/461080
395,/sebastian-rodriguez/profil/spieler/562470
396,/erick-sanchez/profil/spieler/121695
397,/carlos-mendez/profil/spieler/195415
398,/alonso-cordero/profil/spieler/378564
399,/allan-carrillo/profil/spieler/500964
400,/isaac-benavides/profil/spieler/660106
401,/william-ocampo/profil/spieler/448330
402,/nendali-mendoza/profil/spieler/617291
403,/yeltsin-sanchez/profil/spieler/660107
404,/seemore-johnson/profil/spieler/234483
405,/jhon-ibarguen/profil/spieler/564836
406,/christian-montero/profil/spieler/17377
407,/eduardo-matamoros/profil/spieler/406301
408,/andres-castro/profil/spieler/193833
409,/mario-mesen/profil/spieler/433648
410,/alejandro-rodriguez/profil/spieler/593215
411,/kijell-medina/profil/spieler/476074
412,/pablo-salas/profil/spieler/632611
413,/luis-rodriguez/profil/spieler/609331
414,/rafael-gamboa/profil/spieler/217224
415,/daniel-ocampo/profil/spieler/524993
416,/jonathan-sibaja/profil/spieler/278159
417,/reiby-smith/profil/spieler/243009
418,/axel-myers/profil/spieler/256127
419,/david-guzman/profil/spieler/211482
420,/ronny-mora/profil/spieler/266934
421,/fernando-cardenas/profil/spieler/77282
422,/jose-zamora/profil/spieler/500963
423,/sebastian-bermudez/profil/spieler/599597
424,/roman-calvo/profil/spieler/278387
425,/johnny-woodly/profil/spieler/143783
426,/jostin-daly/profil/spieler/463241
427,/andres-mendoza/profil/spieler/372734
428,/victor-gutierrez/profil/spieler/266947
429,/luis-zamora/profil/spieler/370706
430,/samuel-gomez/profil/spieler/525124
431,/christian-blanco/profil/spieler/108727
432,/diego-aguilera/profil/spieler/538985
433,/irving-calderon/profil/spieler/235335
434,/rutssel-mora/profil/spieler/578538
435,/verny-ramirez/profil/spieler/200916
436,/hansell-arauz/profil/spieler/128352
437,/allan-aleman/profil/spieler/79618
438,/alejandro-pacheco/profil/spieler/649315
439,/lopsang-balmaceda/profil/spieler/336401
440,/victor-perez/profil/spieler/127859
441,/luis-gonzalez/profil/spieler/278597
442,/josue-martinez/profil/spieler/128530
443,/paulo-cezar/profil/spieler/380645
444,/james-hudson/profil/spieler/220904
445,/lucas-giovagnoli/profil/spieler/649332
446,/jainor-morales/profil/spieler/639145
447,/aaron-solorzano/profil/spieler/626302
448,/johan-cortes/profil/spieler/627175
449,/cesar-carrillo/profil/spieler/261192
450,/fernando-monge/profil/spieler/211783
451,/javier-liendo/profil/spieler/437774
452,/fabian-garita/profil/spieler/229743
453,/rafael-rodriguez/profil/spieler/227783
454,/esyin-cordero/profil/spieler/405435
455,/lucio-barroca/profil/spieler/610258
456,/kendall-porras/profil/spieler/624365
457,/lauro-cazal/profil/spieler/358724
458,/josue-mitchell/profil/spieler/195384
459,/leandro-rodriguez/profil/spieler/591330
460,/anderson-trejos/profil/spieler/540992
461,/denilson-torres/profil/spieler/599773
462,/esteban-sandoval/profil/spieler/579819
463,/juan-carlos-avila/profil/spieler/599285
464,/jermark-pence/profil/spieler/641753
465,/jose-arias/profil/spieler/650404
466,/mauricio-salas/profil/spieler/372814
467,/jorge-davis/profil/spieler/132226
468,/wilmer-azofeifa/profil/spieler/377297
469,/ariel-zapata/profil/spieler/380236
470,/glen-casanova/profil/spieler/662834
471,/ronaldo-dinolis/profil/spieler/546031
472,/fabrizio-ronchetti/profil/spieler/128811
473,/cristhiam-lagos/profil/spieler/158352
474,/kevin-masis/profil/spieler/401446
475,/erick-samudio/profil/spieler/215363
476,/jeikol-peterkin/profil/spieler/234512
477,/richard-dixon/profil/spieler/256262
478,/derrick-johnson/profil/spieler/128523
479,/javier-clavijo/profil/spieler/596316
480,/john-garcia/profil/spieler/631981
481,/darril-araya/profil/spieler/596318
482,/jeurgen-sequeira/profil/spieler/524910
483,/carlos-palacios/profil/spieler/77299
484,/rashir-parkins/profil/spieler/553002
485,/miguel-marin/profil/spieler/229931
486,/kendrick-pinnock/profil/spieler/195163
487,/darnell-hylton/profil/spieler/221967
488,/jean-carlo-innecken/profil/spieler/433649
489,/ronald-benavides/profil/spieler/650474
490,/diego-diaz/profil/spieler/214814
491,/roberto-mccloud/profil/spieler/596319
492,/junior-murillo/profil/spieler/208721
493,/henry-cooper/profil/spieler/236113
494,/eric-scott/profil/spieler/26850
495,/humberto-ward/profil/spieler/283547
496,/michael-soto/profil/spieler/455266
497,/joseph-camareno/profil/spieler/606159
498,/absalon-mendez/profil/spieler/666324
499,/luis-delgado/profil/spieler/559221
500,/bryan-espinoza/profil/spieler/257367
501,/erick-marin/profil/spieler/214795
502,/alejandro-zimmermann/profil/spieler/580921
503,/geovanny-torres/profil/spieler/632386
504,/erik-morera/profil/spieler/607842
505,/justin-morales/profil/spieler/666229
506,/alejandro-abasolo/profil/spieler/427071
507,/allan-duarte/profil/spieler/258451
508,/jose-porras/profil/spieler/645241
509,/jean-scott/profil/spieler/244745
510,/darryn-rojas/profil/spieler/632387
511,/brayan-rodriguez/profil/spieler/468648
512,/berny-araya/profil/spieler/613506
513,/raymond-madrigal/profil/spieler/648845
514,/bryan-orue/profil/spieler/122579
515,/keylor-alvarez/profil/spieler/632424
516,/pablo-morera/profil/spieler/402985
517,/guillermo-morales/profil/spieler/653384
518,/endrik-alvarado/profil/spieler/473753
519,/geovanny-murillo/profil/spieler/650267
520,/david-herrera/profil/spieler/582953
521,/jhon-jairo-lara/profil/spieler/479868
522,/luis-carlos-fallas/profil/spieler/411678
523,/andres-vargas/profil/spieler/391890
524,/felix-montoya/profil/spieler/122577
525,/andrey-ugalde/profil/spieler/331952
526,/joshua-canales/profil/spieler/539048
527,/brandon-aguilera/profil/spieler/631996
528,/andres-juarez/profil/spieler/651336
529,/joshua-ulate/profil/spieler/406164
530,/amir-waithe/profil/spieler/122030
531,/olman-vargas/profil/spieler/124985
532,/nicolas-polenta/profil/spieler/646556
533,/pablo-zuniga/profil/spieler/492268
534,/marco-madrigal/profil/spieler/230101
535,/alfonso-quesada/profil/spieler/141308
536,/alex-rodriguez/profil/spieler/230641
537,/victor-castro/profil/spieler/642569
538,/roger-jimenez/profil/spieler/610738
539,/manuel-gonzalez/profil/spieler/592013
540,/claudio-perez/profil/spieler/89294
541,/daniel-ortiz/profil/spieler/386203
542,/reggy-rivera/profil/spieler/599800
543,/armando-rodriguez/profil/spieler/486261
544,/gregory-molina/profil/spieler/491320
545,/pablo-solano/profil/spieler/331957
546,/sergio-carmona/profil/spieler/599799
547,/bryan-solorzano/profil/spieler/229933
548,/andrey-soto/profil/spieler/613461
549,/ismael-gomez/profil/spieler/195153
550,/gerald-brenes/profil/spieler/652442
551,/jonathan-soto/profil/spieler/131338
552,/guillermo-viquez/profil/spieler/623747
553,/carlos-umana/profil/spieler/584446
554,/jhonny-acosta/profil/spieler/187768
555,/mauricio-solis/profil/spieler/557314
556,/stiven-quiros/profil/spieler/584444
557,/alejandro-ramirez/profil/spieler/558223
558,/alejandro-lopez/profil/spieler/558252
559,/joksuar-solis/profil/spieler/584448
560,/daniel-alfaro/profil/spieler/584451
561,/bryan-vargas/profil/spieler/584570
562,/emmanuel-quiros/profil/spieler/378492
563,/andres-jara/profil/spieler/557318
564,/dayron-sanchez/profil/spieler/558224
565,/elias-aguilar/profil/spieler/211491
566,/adrian-marin/profil/spieler/214224
567,/luis-angel-landin/profil/spieler/39869
568,/daniel-gutierrez/profil/spieler/558251
569,/julio-cascante/profil/spieler/194909
570,/henrique/profil/spieler/175396
571,/joseph-mora/profil/spieler/131255
572,/mauricio-villalobos/profil/spieler/575620
573,/anderson-leite/profil/spieler/376640
574,/ulises-segura/profil/spieler/306431
575,/keven-aleman/profil/spieler/187506
576,/ignacio-salomon/profil/spieler/553004
577,/marvin-loria/profil/spieler/298207
578,/jerry-bengtson/profil/spieler/148586
579,/miguel-aju/profil/spieler/401444
580,/roberto-chen/profil/spieler/189525
581,/kurt-frederick/profil/spieler/154179
582,/iago-soares/profil/spieler/485031
583,/pablo-gabas/profil/spieler/77831
584,/ivan-luquetta/profil/spieler/524970
585,/jamille-boatswain/profil/spieler/493351
586,/erick-diaz/profil/spieler/524990
587,/cesar-acuna/profil/spieler/529330
588,/michael-umana/profil/spieler/35380
589,/nelson-gonzalez/profil/spieler/486064
590,/joan-arley/profil/spieler/406774
591,/javier-loaiza/profil/spieler/124981
592,/yarick-granados/profil/spieler/419937
593,/danny-fonseca/profil/spieler/35384
594,/sergio-cordoba/profil/spieler/278867
595,/kevin-sanchez/profil/spieler/442527
596,/steven-granados/profil/spieler/442526
597,/leandro-jimenez/profil/spieler/372727
598,/yairo-yau/profil/spieler/181660
599,/randall-brenes/profil/spieler/36428
600,/jose-torres/profil/spieler/481108
601,/alexis-gamboa/profil/spieler/452714
602,/rigoberto-jimenez/profil/spieler/229929
603,/ian-smith/profil/spieler/372735
604,/leonardo-adams/profil/spieler/307278
605,/luis-aseff/profil/spieler/75588
606,/dave-myrie/profil/spieler/111898
607,/tulio-urena/profil/spieler/585846
608,/carlos-hernandez/profil/spieler/35373
609,/milton-martinez/profil/spieler/525161
610,/warren-cordero/profil/spieler/557458
611,/minor-alvarez/profil/spieler/128548
612,/abraham-delgado/profil/spieler/580231
613,/cesar-lopez/profil/spieler/281775
614,/james-scott/profil/spieler/90849
615,/marvin-vallecilla/profil/spieler/356457
616,/dario-bustos/profil/spieler/77202
617,/royner-badilla/profil/spieler/461253
618,/mike-campaz/profil/spieler/129741
619,/randy-cubero/profil/spieler/90837
620,/julian-maroto/profil/spieler/241217
621,/jorge-gatgens/profil/spieler/132227
622,/johnny-martinez/profil/spieler/514906
623,/bryan-vega/profil/spieler/158409
624,/jason-reyes/profil/spieler/431872
625,/anllel-porras/profil/spieler/211852
626,/esteban-arias/profil/spieler/401397
627,/edwards-jimenez/profil/spieler/77069
628,/guillermo-moreira/profil/spieler/215820
629,/biagio-battaglia/profil/spieler/557561
630,/ignacio-quesada/profil/spieler/235200
631,/cristian-tissone/profil/spieler/276596
632,/adrian-marrero/profil/spieler/214826
633,/josue-abarca/profil/spieler/378519
634,/anderson-andrade/profil/spieler/118076
635,/erick-zuniga/profil/spieler/331962
636,/randall-aguinaga/profil/spieler/485033
637,/vladimir-vujasinovic/profil/spieler/107017
638,/jorge-jimenez/profil/spieler/500390
639,/daniel-villegas/profil/spieler/560832
640,/jimmy-alvarez/profil/spieler/548560
641,/daniel-vargas/profil/spieler/548562
642,/mario-morales/profil/spieler/553005
643,/luis-galdo/profil/spieler/538983
644,/carlos-miranda/profil/spieler/551977
645,/nelson-bran/profil/spieler/580919
646,/boris-balinovic/profil/spieler/373912
647,/armando-espinoza/profil/spieler/525160
648,/gabriel-pusula/profil/spieler/561884
649,/joseph-centeno/profil/spieler/195147
650,/jose-martinez/profil/spieler/565256
651,/alonso-arias/profil/spieler/381014
652,/yamil-allen/profil/spieler/122575
653,/hector-urbina/profil/spieler/427148
654,/greivin-urena/profil/spieler/524974
655,/robinson-blandon/profil/spieler/562062
656,/rory-rivera/profil/spieler/401556
657,/randy-ortiz/profil/spieler/578541
658,/kenneth-garcia/profil/spieler/195535
659,/jorge-espinoza/profil/spieler/539769
660,/zoran-zec/profil/spieler/365480
661,/paulo-rodriguez/profil/spieler/216799
662,/aimar-abarca/profil/spieler/551976
663,/carlos-ochoa/profil/spieler/224976
664,/jimy-garcia/profil/spieler/471017
665,/eduardo-valverde/profil/spieler/210377
666,/adrian-villarreal/profil/spieler/560829
667,/jean-carlos-solorzano/profil/spieler/111934
668,/mario-mora/profil/spieler/526506
669,/rodolfo-montiel/profil/spieler/549759
670,/alessio-lava/profil/spieler/527736
671,/cristian-rivas/profil/spieler/340240
672,/kishner-lopez/profil/spieler/524909
673,/fabricio-venegas/profil/spieler/571119
674,/alexander-calero/profil/spieler/582939
675,/dylan-tejeda/profil/spieler/300165
676,/aaron-cordero/profil/spieler/358858
677,/devon-green/profil/spieler/385360
678,/greivin-hall/profil/spieler/562258
679,/jorge-ruiz/profil/spieler/278095
680,/christopher-benavides/profil/spieler/580920
681,/steve-garita/profil/spieler/271872
682,/bryan-porras/profil/spieler/278395
683,/david-vega/profil/spieler/410681
684,/cristian-chaves/profil/spieler/214955
685,/cesar-martinez/profil/spieler/391370
686,/mario-rodriguez/profil/spieler/305687
687,/manuel-morales/profil/spieler/477762
688,/edward-granados/profil/spieler/559222
689,/esteban-carrillo/profil/spieler/216037
690,/david-alvarez/profil/spieler/527918
691,/elias-palma/profil/spieler/193887
692,/daniel-vallejos/profil/spieler/38238
693,/esteban-aguilera/profil/spieler/308543
694,/junior-mendoza/profil/spieler/553003
695,/joel-thomson/profil/spieler/580268
696,/adonis-zuniga/profil/spieler/580270
697,/alexander-rodriguez/profil/spieler/525123
698,/jeferson-venegas/profil/spieler/483360
699,/edgar-chacon/profil/spieler/448840
700,/oscar-rojas/profil/spieler/38224
701,/yosimar-arias/profil/spieler/38162
702,/fabian-barboza/profil/spieler/567795
703,/adrian-de-lemos/profil/spieler/39580
704,/jose-mena/profil/spieler/128505
705,/luis-omar-hernandez/profil/spieler/53323
706,/samuel-roman/profil/spieler/473750
707,/brandon-salazar/profil/spieler/401448
708,/alfonso-nieto/profil/spieler/144310
709,/rafinha/profil/spieler/213727
710,/lucas-colitto/profil/spieler/329212
711,/julio-pardini/profil/spieler/67191
712,/dany-carvajal/profil/spieler/128509
713,/mario-sequeira/profil/spieler/447335
714,/francisco-calvo/profil/spieler/188470
715,/malik-rodriguez/profil/spieler/367804
716,/diego-calvo/profil/spieler/192315
717,/rolando-blackburn/profil/spieler/181661
718,/gabriel-nunez/profil/spieler/477802
719,/jefferson-hurtado/profil/spieler/148448
720,/harold-cummings/profil/spieler/121790
721,/yordi-matarrita/profil/spieler/477576
722,/jorge-claros/profil/spieler/62231
723,/jose-alvarado/profil/spieler/477803
724,/juan-de-dios-hernandez/profil/spieler/53838
725,/lucas-gomez/profil/spieler/90838
726,/nino-rojas/profil/spieler/185655
727,/julian-loria/profil/spieler/422877
728,/daniel-zamora/profil/spieler/194937
729,/marcelo-pernett/profil/spieler/483589
730,/josue-valverde/profil/spieler/501759
731,/eduardo-gomez/profil/spieler/122594
732,/carlos-ruiz/profil/spieler/447456
733,/quiver-herrera/profil/spieler/496178
734,/victor-chavarria/profil/spieler/244718
735,/junior-alvarado/profil/spieler/121678
736,/anthony-velasquez/profil/spieler/240595
737,/rayben-jimenez/profil/spieler/488333
738,/bryan-badilla/profil/spieler/469795
739,/jesus-camacho/profil/spieler/194495
740,/jesus-blanco/profil/spieler/487178
741,/facundo-crespo/profil/spieler/438658
742,/mauricio-mazzetti/profil/spieler/235059
743,/carlos-johnson/profil/spieler/38230
744,/kevin-pereira/profil/spieler/322168
745,/cristian-taborda/profil/spieler/482637
746,/nicolas-vigneri/profil/spieler/65201
747,/santiago-fernandez/profil/spieler/411595
748,/marco-sevilla/profil/spieler/403091
749,/roy-myrie/profil/spieler/32572
750,/carlos-calderon/profil/spieler/300145
751,/derek-salas/profil/spieler/471018
752,/kelvin-acuna/profil/spieler/314408
753,/juan-diego-monge/profil/spieler/161678
754,/pablo-herrera/profil/spieler/102381
755,/aaron-navarro/profil/spieler/278611
756,/elier-aponza/profil/spieler/480066
757,/andres-cruz/profil/spieler/448332
758,/noah-teplitzky/profil/spieler/469794
759,/andres-lezcano/profil/spieler/122684
760,/ricardo-zumbado/profil/spieler/482676
761,/esteban-maitland/profil/spieler/90843
762,/eder-morales/profil/spieler/138558
763,/victor-gonzalez/profil/spieler/447922
764,/javier-castro/profil/spieler/357549
765,/brian-garcia/profil/spieler/471988
766,/cesar-de-la-pena/profil/spieler/197443
767,/jordan-medina/profil/spieler/363066
768,/johan-bonilla/profil/spieler/431126
769,/alberto-garcia/profil/spieler/224117
770,/ivan-ramirez/profil/spieler/297425
771,/diego-franco/profil/spieler/259736
772,/randy-taylor/profil/spieler/449046
773,/reinaldo-brenes/profil/spieler/267574
774,/freddy-gondola/profil/spieler/448193
775,/sergio-ramirez/profil/spieler/401443
776,/kevin-monterrey/profil/spieler/488897
777,/diego-romero/profil/spieler/406206
778,/aran-pazos/profil/spieler/477373
779,/jorge-hudson/profil/spieler/224859
780,/adrian-camareno/profil/spieler/406654
781,/marlon-jones/profil/spieler/336599
782,/jose-luis-balanta/profil/spieler/483359
783,/raul-vidal/profil/spieler/234923
784,/fabian-rojas/profil/spieler/122715
785,/kevin-garcia/profil/spieler/194914
786,/alex-martinez/profil/spieler/383777
787,/bryan-vargas/profil/spieler/431874
788,/jonathan-de-leon/profil/spieler/53785
789,/angelo-padilla/profil/spieler/216671
790,/kevin-elias/profil/spieler/379882
791,/joshua-diaz/profil/spieler/192901
792,/fernando-valverde/profil/spieler/211503
793,/giancarlo-palacios/profil/spieler/195417
794,/ariel-contreras/profil/spieler/192316
795,/diego-angulo/profil/spieler/308418
796,/roberto-rojas/profil/spieler/195420
797,/jorge-hidalgo/profil/spieler/372729
798,/jaime-valderramos/profil/spieler/194935
799,/juan-diego-ruiz/profil/spieler/194518
800,/andy-reyes/profil/spieler/378518
801,/johnny-ruiz/profil/spieler/206322
802,/alejandro-alpizar/profil/spieler/80950
803,/keishmer-powell/profil/spieler/199098
804,/donny-grant/profil/spieler/175332
805,/henry-espinoza/profil/spieler/268268
806,/kenneth-umana/profil/spieler/433650
807,/frank-reynolds/profil/spieler/447665
808,/miroslav-bjelos/profil/spieler/345204
809,/ronny-diaz/profil/spieler/230096
810,/roman-arrieta/profil/spieler/274654
811,/oscar-alvarado/profil/spieler/331960
812,/jonathan-zarate/profil/spieler/331954
813,/fabian-araya/profil/spieler/331955
814,/david-solorzano/profil/spieler/447517
815,/pablo-arguedas/profil/spieler/491319
816,/alejandro-portuguez/profil/spieler/492253
817,/ariel-rodriguez/profil/spieler/111902
818,/enrique-obando/profil/spieler/447333
819,/richard-castaneda/profil/spieler/267457
820,/gustavo-jimenez/profil/spieler/247563
821,/renato-cedeno/profil/spieler/468649
822,/lester-blanco/profil/spieler/107348
823,/jesus-velez/profil/spieler/242454
824,/kirth-mclean/profil/spieler/331953
825,/walter-silva/profil/spieler/364174
826,/edgar-solis/profil/spieler/58636
827,/gabriel-gomez/profil/spieler/52028
828,/leandrinho/profil/spieler/54214
829,/jaime-penedo/profil/spieler/43851
830,/andres-imperiale/profil/spieler/55194
831,/gabriel-badilla/profil/spieler/39566
832,/ramon-del-campo/profil/spieler/376594
833,/keveen-torres/profil/spieler/406789
834,/luis-flores/profil/spieler/256115
835,/kurt-werner/profil/spieler/391891
836,/deyver-vega/profil/spieler/131267
837,/ronald-matarrita/profil/spieler/268273
838,/allan-salas/profil/spieler/392454
839,/carlos-discua/profil/spieler/194571
840,/hernan-rivero/profil/spieler/418619
841,/armando-alonso/profil/spieler/80934
842,/carlos-martinez/profil/spieler/164273
843,/rodrigo-garita/profil/spieler/218465
844,/jardel-quiros/profil/spieler/381199
845,/alejandro-aguilar/profil/spieler/193923
846,/luis-saenz/profil/spieler/211487
847,/tomas-fonseca/profil/spieler/137012
848,/raul-fernandez/profil/spieler/214819
849,/ronald-salas/profil/spieler/195539
850,/rigoberto-salas/profil/spieler/195538
851,/cristhian-bermudez/profil/spieler/331951
852,/christian-yeladian/profil/spieler/76839
853,/diego-brenes/profil/spieler/194510
854,/tirso-guio/profil/spieler/121690
855,/jose-cancela/profil/spieler/76675
856,/antony-acuna/profil/spieler/287628
857,/jefry-montoya/profil/spieler/256837
858,/kanu/profil/spieler/141232
859,/julian-pino/profil/spieler/260651
860,/andres-fajardo/profil/spieler/381710
861,/humberto-montero/profil/spieler/381709
862,/andres-flores/profil/spieler/211481
863,/jose-navarro/profil/spieler/340721
864,/joel-silva/profil/spieler/356496
865,/fernando-paniagua/profil/spieler/111514
866,/neighel-drummond/profil/spieler/113870
867,/andres-sanabria/profil/spieler/194020
868,/washington-lencina/profil/spieler/202211
869,/andres-montalban/profil/spieler/234505
870,/johel-montero/profil/spieler/393612
871,/brayan-marin/profil/spieler/381725
872,/eduardo-salas/profil/spieler/388448
873,/fabian-solano/profil/spieler/393615
874,/ronald-solano/profil/spieler/411677
875,/gualberto-montenegro/profil/spieler/216797
876,/froylan-alfaro/profil/spieler/300140
877,/orlance-gouldbourne/profil/spieler/359515
878,/anthony-vargas/profil/spieler/240593
879,/ronny-fernandez/profil/spieler/193835
880,/sebastian-fassi/profil/spieler/347927
881,/walter-bonilla/profil/spieler/423281
882,/jose-carlos-chan/profil/spieler/122593
883,/olman-carmona/profil/spieler/380214
884,/jose-badilla/profil/spieler/256114
885,/rigo-ramirez/profil/spieler/195419
886,/michael-mora/profil/spieler/195447
887,/jonathan-rodriguez/profil/spieler/372736
888,/daniel-varela/profil/spieler/128547
889,/adrian-nunez/profil/spieler/403083
890,/mauricio-ayales/profil/spieler/281759
891,/vianney-blanco/profil/spieler/192323
892,/bruno-castro/profil/spieler/350423
893,/victor-bolivar/profil/spieler/161292
894,/fabricio-chavarria/profil/spieler/158381
895,/carlos-eduardo/profil/spieler/192452
896,/mario-viquez/profil/spieler/195396
897,/moises-segura/profil/spieler/380202
898,/jaisell-zamora/profil/spieler/380201
899,/kevin-gonzalez/profil/spieler/307291
900,/david-calvo/profil/spieler/278348
901,/kevin-campos/profil/spieler/350425
902,/alejandro-vargas/profil/spieler/380200
903,/erik-vindas/profil/spieler/406168
904,/victor-ortiz/profil/spieler/128558
905,/weller/profil/spieler/90365
906,/david-porras/profil/spieler/250949
907,/jorge-barbosa/profil/spieler/90831
908,/carlos-lopez/profil/spieler/133957
909,/johnny-aguilar/profil/spieler/214803
910,/jose-luis-mora/profil/spieler/386537
911,/giancarlos-guerrero/profil/spieler/341303
912,/giovannie-cantillano/profil/spieler/229927
913,/marlon-lopez/profil/spieler/334889
914,/marco-rojas/profil/spieler/387701
915,/johay-white/profil/spieler/194522
916,/eder-cruz/profil/spieler/122033
917,/winston-parks/profil/spieler/9655
918,/christian-carrillo/profil/spieler/235336
919,/johnn-lopera/profil/spieler/401558
920,/leonardo-teran/profil/spieler/309552
921,/ricardo-harris/profil/spieler/80943
922,/geykel-waless/profil/spieler/380240
923,/jean-carlos-diaz/profil/spieler/373280
924,/kervin-martinez/profil/spieler/424404
925,/kendall-solano/profil/spieler/344639
926,/richard-fale/profil/spieler/395642
927,/felix-torres/profil/spieler/414744
928,/rogelio-tathum/profil/spieler/401553
929,/sergio-barboza-jr-/profil/spieler/403084
930,/brunet-hay/profil/spieler/111610
931,/marlon-camble/profil/spieler/122706
932,/justo-lorente/profil/spieler/235292
933,/eliecer-delgado/profil/spieler/312783
934,/jorge-retana/profil/spieler/406207
935,/leonardo-jimenez/profil/spieler/121692
936,/steven-miranda/profil/spieler/381025
937,/joseph-carmona/profil/spieler/381022
938,/jonathan-jimenez/profil/spieler/121691
939,/carlos-viales/profil/spieler/383779
940,/sebastian-matuz/profil/spieler/229932
941,/luis-diego-cordero/profil/spieler/179571
942,/jose-ugalde/profil/spieler/401391
943,/argenis-fernandez/profil/spieler/70856
944,/irvin-huertas/profil/spieler/131252
945,/alexander-villalobos/profil/spieler/383776
946,/mario-camacho/profil/spieler/132225
947,/oscar-zuniga/profil/spieler/364453
948,/alexander-larin/profil/spieler/220919
949,/jocyfer-castro/profil/spieler/300396
950,/wardy-alfaro/profil/spieler/38236
951,/sixto-betancourt/profil/spieler/161580
952,/deibid-herrera/profil/spieler/322127
953,/carlos-elizondo/profil/spieler/349812
954,/paolo-cardozo/profil/spieler/139954
955,/leandro-silva/profil/spieler/74270
956,/ramses-fernandez/profil/spieler/365741
957,/luciano-bostal/profil/spieler/195541
958,/william-palacios/profil/spieler/265982
959,/almeida/profil/spieler/88036
960,/ramon-nunez/profil/spieler/39485
961,/jerry-palacios/profil/spieler/83723
962,/kendall-waston/profil/spieler/195540
963,/rafael-morales/profil/spieler/144316
964,/sebastian-diana/profil/spieler/168966
965,/shaquille-jimenez/profil/spieler/336598
966,/marcelo-acuna/profil/spieler/336597
967,/carlos-saucedo/profil/spieler/77940
968,/brayan-castillo/profil/spieler/349810
969,/pablo-madriz/profil/spieler/344025
970,/daniel-arce/profil/spieler/195530
971,/jose-mora/profil/spieler/215735
972,/jose-villalobos/profil/spieler/125427
973,/eduardo-touborne/profil/spieler/195423
974,/gustavo-udrizard/profil/spieler/350567
975,/joseph-azofeifa/profil/spieler/372733
976,/joshua-villalobos/profil/spieler/194521
977,/bruno-weisser/profil/spieler/350566
978,/kendall-grant/profil/spieler/307264
979,/jeffrey-brooks/profil/spieler/341542
980,/jeffry-montenegro/profil/spieler/278829
981,/ariel-santana/profil/spieler/111795
982,/abdul-vasquez/profil/spieler/349811
983,/denin-lopez/profil/spieler/221971
984,/ismael-fuentes/profil/spieler/40426
985,/luis-saborio/profil/spieler/298211
986,/jorge-hernandez/profil/spieler/58559
987,/crisanto-esquivel/profil/spieler/195280
988,/heliut-farrier/profil/spieler/214934
989,/marvin-valerio/profil/spieler/278625
990,/gonzalo-luduena/profil/spieler/45650
991,/osman-elis/profil/spieler/357626
992,/antonio-salazar/profil/spieler/50938
993,/oscar-alegre/profil/spieler/222129
994,/jeancarlo-badilla/profil/spieler/235432
995,/oscar-mcfarlane/profil/spieler/99861
996,/maurim/profil/spieler/148610
997,/sebastian-sanchez/profil/spieler/281786
998,/camilo-aguirre/profil/spieler/122015
999,/carlos-clark/profil/spieler/193924
1000,/anthony-chavarria/profil/spieler/340701
1001,/emmanuel-escamilla/profil/spieler/357548
1002,/yader-balladares/profil/spieler/111799
1003,/julian-jimenez/profil/spieler/353670
1004,/victor-coto/profil/spieler/250288
1005,/pablo-acosta/profil/spieler/336600
1006,/sergio-sanchez/profil/spieler/195390
1007,/misael-reynoso/profil/spieler/356564
1008,/david-arguello/profil/spieler/356566
1009,/carlos-elizalde/profil/spieler/337751
1010,/anibal-arrieta/profil/spieler/195277
1011,/denis-gonzalez/profil/spieler/278388
1012,/tony-morales/profil/spieler/232761
1013,/keilor-villegas/profil/spieler/234573
1014,/mario-centeno/profil/spieler/193834
1015,/daniel-ramirez/profil/spieler/236190
1016,/steven-bonilla/profil/spieler/278384
1017,/greivin-salamanca/profil/spieler/372738
1018,/jehudy-pizarro/profil/spieler/278614
1019,/elberson-osorno/profil/spieler/268136
1020,/minor-diaz/profil/spieler/79562
1021,/francisco-ugarte/profil/spieler/182990
1022,/sergei-james/profil/spieler/195466
1023,/keyshell-sanchez/profil/spieler/347942
1024,/yosimar-clark/profil/spieler/288850
1025,/darnell-barthley/profil/spieler/350588
1026,/kevin-eliz/profil/spieler/349813
1027,/deanmark-brumley/profil/spieler/358859
1028,/carlos-picado/profil/spieler/321343
1029,/gilbert-bustos/profil/spieler/268127
1030,/keishan-davis/profil/spieler/253146
1031,/carlos-leon/profil/spieler/195281
1032,/enoc-perez/profil/spieler/98272
1033,/gerald-harris/profil/spieler/370705
1034,/steven-calderon/profil/spieler/132224
1035,/john-vizcaino/profil/spieler/307374
1036,/kurt-bernard/profil/spieler/39653
1037,/olger-ruiz/profil/spieler/260914
1038,/erick-araya/profil/spieler/278147
1039,/carlos-chaves/profil/spieler/278385
1040,/jesus-ramirez/profil/spieler/229934
1041,/marco-solano/profil/spieler/257789
1042,/marlon-barquero/profil/spieler/278790
1043,/lucas-monzon/profil/spieler/353548
1044,/tayvan/profil/spieler/341308
1045,/brandon-mora/profil/spieler/278610
1046,/luis-copete/profil/spieler/334887
1047,/yamir-vergara/profil/spieler/308575
1048,/mauricio-castro/profil/spieler/278591
1049,/roger-fallas/profil/spieler/195534
1050,/pablo-granados/profil/spieler/278598
1051,/luis-pena/profil/spieler/261211
1052,/esteban-sirias/profil/spieler/113869
1053,/greivin-chinchilla/profil/spieler/195531
1054,/randall-quesada/profil/spieler/344018
1055,/lucas-carrera/profil/spieler/122688
1056,/rodolfo-rodriguez/profil/spieler/62022
1057,/julio-elizondo/profil/spieler/195533
1058,/david-daniels/profil/spieler/125507
1059,/jordi-robles/profil/spieler/278617
1060,/roberto-mudarra/profil/spieler/132228
1061,/maykol-ortiz/profil/spieler/181761
1062,/david-solano/profil/spieler/278622
1063,/anthony-calvo/profil/spieler/278793
1064,/alban-gomez/profil/spieler/195542
1065,/marvin-chinchilla/profil/spieler/259643
1066,/raul-leguias/profil/spieler/175339
1067,/luis-michel/profil/spieler/50970
1068,/douglas-sequeira/profil/spieler/35365
1069,/moises-hernandez/profil/spieler/158095
1070,/luis-rojas/profil/spieler/298210
1071,/pablo-chinchilla/profil/spieler/278386
1072,/ranbaudi-matarrita/profil/spieler/278397
1073,/pablo-abarca/profil/spieler/278381
1074,/keyner-arrieta/profil/spieler/278383
1075,/waylon-francis/profil/spieler/211587
1076,/robert-kellerman/profil/spieler/278389
1077,/fabricio-quintero/profil/spieler/278396
1078,/joseph-valerio/profil/spieler/278399
1079,/andrey-arias/profil/spieler/278382
1080,/bryan-meneses/profil/spieler/278391
1081,/carlos-chaves/profil/spieler/278351
1082,/daniel-sterling/profil/spieler/278492
1083,/luis-mariano-sibaja/profil/spieler/278371
1084,/dylan-lopez/profil/spieler/278154
1085,/fabian-solano/profil/spieler/278372
1086,/wilmer-lopez/profil/spieler/278876
1087,/daniel-arroyo/profil/spieler/278346
1088,/christian-oviedo/profil/spieler/35376
1089,/jorge-poltronieri/profil/spieler/195389
1090,/andres-santamaria/profil/spieler/122027
1091,/michael-rodriguez/profil/spieler/38665
1092,/roberth-arias/profil/spieler/122556
1093,/andres-obando/profil/spieler/224645
1094,/oscar-castro/profil/spieler/320080
1095,/pedro-mora/profil/spieler/308558
1096,/oscar-villalobos/profil/spieler/195425
1097,/giovanni-lopez/profil/spieler/119247
1098,/armando-polo/profil/spieler/167956
1099,/felipe-carvajal/profil/spieler/315539
1100,/ricardo-duarte/profil/spieler/277336
1101,/diego-ramirez/profil/spieler/260779
1102,/ricardo-buitrago/profil/spieler/93124
1103,/eric-thomas/profil/spieler/253152
1104,/neto-mineiro/profil/spieler/274197
1105,/cesar-segura/profil/spieler/293436
1106,/emerson-carr/profil/spieler/212887
1107,/andrey-jimenez/profil/spieler/307294
1108,/randall-porras/profil/spieler/107692
1109,/diego-gallo/profil/spieler/261193
1110,/gerald-lopez/profil/spieler/309861
1111,/edward-suarez/profil/spieler/307310
1112,/steward-ugalde/profil/spieler/307316
1113,/pablo-brenes/profil/spieler/90834
1114,/francisco-fonseca/profil/spieler/31350
1115,/federico-mino/profil/spieler/280932
1116,/ricardo-gonzalez/profil/spieler/35366
1117,/diego-zamora/profil/spieler/302037
1118,/rony-quesada/profil/spieler/270674
1119,/steven-sandi/profil/spieler/224316
1120,/bryan-beita/profil/spieler/240724
1121,/kevin-delgado/profil/spieler/244720
1122,/marco-chaves/profil/spieler/194910
1123,/luis-zumbado/profil/spieler/256974
1124,/harry-ocampo/profil/spieler/121693
1125,/jhonatan-viales/profil/spieler/235726
1126,/miguel-diaz/profil/spieler/264036
1127,/ismael-sequeira/profil/spieler/307307
1128,/roberto-wong/profil/spieler/79630
1129,/alex-matarrita/profil/spieler/279977
1130,/nelson-cordoba/profil/spieler/303784
1131,/raymon-fernandez/profil/spieler/267467
1132,/jean-carlos-zuniga/profil/spieler/270687
1133,/omar-valdes/profil/spieler/308574
1134,/diego-barrantes/profil/spieler/298200
1135,/jose-villalobos/profil/spieler/307319
1136,/walter-villalobos/profil/spieler/255815
1137,/oscar-cardenas/profil/spieler/285343
1138,/jeisson-pena/profil/spieler/131258
1139,/yonder-pizarro/profil/spieler/307657
1140,/faubricio-saenz/profil/spieler/258484
1141,/ricardo-garcia/profil/spieler/141325
1142,/yashin-bosques/profil/spieler/216459
1143,/luis-martinez/profil/spieler/299301
1144,/franklin-chacon/profil/spieler/230486
1145,/john-jairo-quinones/profil/spieler/211853
1146,/johan-hernandez/profil/spieler/278811
1147,/luis-carlos-artavia/profil/spieler/262214
1148,/maxie-barthley/profil/spieler/195144
1149,/yozhimar-reid/profil/spieler/195157
1150,/pablo-ulate/profil/spieler/288861
1151,/jeffry-thompson/profil/spieler/259072
1152,/lineker-nova/profil/spieler/249354
1153,/jose-umana/profil/spieler/288862
1154,/hennet-parriera/profil/spieler/278833
1155,/kendall-wilson/profil/spieler/195164
1156,/delberth-cameron/profil/spieler/195159
1157,/alvaro-astua/profil/spieler/234460
1158,/gustavo-ponce/profil/spieler/138981
1159,/mayron-george/profil/spieler/195162
1160,/bill-gonzalez/profil/spieler/195465
1161,/lucas-martella/profil/spieler/234152
1162,/armando-alvarado/profil/spieler/278784
1163,/steven-barley/profil/spieler/235331
1164,/diego-solano/profil/spieler/257371
1165,/jose-luis-lopez/profil/spieler/29575
1166,/daniel-jimenez/profil/spieler/90840
1167,/mario-alvarez/profil/spieler/319312
1168,/jorge-ruiz/profil/spieler/278839
1169,/brandon-poltronieri/profil/spieler/112959
1170,/carlos-castro/profil/spieler/15855
1171,/yustin-aguero/profil/spieler/249510
1172,/agustin-zamora/profil/spieler/224989
1173,/esteban-armijo/profil/spieler/235144
1174,/jose-macotelo/profil/spieler/148297
1175,/berny-solorzano/profil/spieler/108732
1176,/ever-alfaro/profil/spieler/38242
1177,/owen-solis/profil/spieler/266726
1178,/emiliano-gomez/profil/spieler/214821
1179,/roberto-segura/profil/spieler/105868
1180,/mauricio-mora/profil/spieler/285677
1181,/andres-nunez/profil/spieler/79628
1182,/gustavo-pena/profil/spieler/273199
1183,/reece-aaron/profil/spieler/287627
1184,/daniel-valenciano/profil/spieler/302034
1185,/joel-hall/profil/spieler/215459
1186,/herbert-perez/profil/spieler/278156
1187,/leonardo-ly/profil/spieler/183662
1188,/sergio-hernandez/profil/spieler/211846
1189,/leonardo-madrigal/profil/spieler/194921
1190,/guillermo-arias/profil/spieler/216456
1191,/oscar-duarte/profil/spieler/175323
1192,/juan-morales/profil/spieler/88991
1193,/kraesher-mooke/profil/spieler/90846
1194,/ricardo-costa/profil/spieler/48473
1195,/jason-zarate/profil/spieler/212675
1196,/willy-eras/profil/spieler/118063
1197,/diego-pais/profil/spieler/195469
1198,/tulio-etchemaite/profil/spieler/201397
1199,/daniel-hernandez/profil/spieler/211483
1200,/dennis-granados/profil/spieler/216466
1201,/douglas-cordero/profil/spieler/211479
1202,/erick-ponce/profil/spieler/70713
1203,/edgar-greaves/profil/spieler/235615
1204,/ivan-pailos/profil/spieler/76726
1205,/joao-mora/profil/spieler/234686
1206,/cristhian-fernandez/profil/spieler/240494
1207,/kenny-michel/profil/spieler/211677
1208,/alvaro-guerrero/profil/spieler/214823
1209,/mathias-callero/profil/spieler/256126
1210,/robson-da-silva/profil/spieler/233115
1211,/brandon-welleams/profil/spieler/236380
1212,/maximiliano-ardetti/profil/spieler/211583
1213,/maksim-manko/profil/spieler/166917
1214,/fernando-sequeira/profil/spieler/195287
1215,/roberto-porras/profil/spieler/214828
1216,/carlos-ramirez/profil/spieler/196887
1217,/fernando-castro/profil/spieler/257949
1218,/bismar-acosta/profil/spieler/122679
1219,/alejandro-cordero/profil/spieler/195414
1220,/olger-guzman/profil/spieler/111921
1221,/benjamin-mayorga/profil/spieler/237392
1222,/sergio-jara/profil/spieler/270664
1223,/jose-chavez/profil/spieler/240024
1224,/michael-mora/profil/spieler/195416
1225,/andy-furtado/profil/spieler/102375
1226,/ivan-leoncio/profil/spieler/236860
1227,/rodrigo-de-souza/profil/spieler/214873
1228,/ricardo-allen/profil/spieler/195143
1229,/brayan-fonseca/profil/spieler/256183
1230,/jose-centeno/profil/spieler/249228
1231,/carlos-hernandez/profil/spieler/235442
1232,/bonniek-martinez/profil/spieler/240098
1233,/fernando-cardoso/profil/spieler/194512
1234,/louie-carr/profil/spieler/194514
1235,/hanswell-ewers/profil/spieler/214817
1236,/guillermo-camacho/profil/spieler/195445
1237,/fabian-salas/profil/spieler/237569
1238,/steven-sanchez/profil/spieler/225721
1239,/luis-pacheco/profil/spieler/236184
1240,/mario-bello/profil/spieler/195444
1241,/josue-aguilar/profil/spieler/131241
1242,/victor-portuguez/profil/spieler/195450
1243,/alejandro-valverde/profil/spieler/195451
1244,/luis-murillo/profil/spieler/242390
1245,/geiner-segura/profil/spieler/113881
1246,/rosbin-mayorga/profil/spieler/131254
1247,/alfonso-esquivel/profil/spieler/270652
1248,/luis-diego-dobles/profil/spieler/252239
1249,/cleber-dos-santos/profil/spieler/234469
1250,/josue/profil/spieler/97257
1251,/julian-mosquera/profil/spieler/140233
1252,/carlos-diaz/profil/spieler/194913
1253,/edwin-garcia/profil/spieler/194496
1254,/yosell-quintero/profil/spieler/234692
1255,/eli-jimenez/profil/spieler/250934
1256,/claudio-vargas/profil/spieler/235677
1257,/fabricio-murillo/profil/spieler/245972
1258,/alvaro-pena/profil/spieler/125417
1259,/jhonatan-sanchez/profil/spieler/194520
1260,/leonardo-azofeifa/profil/spieler/236702
1261,/daniel-pena/profil/spieler/194516
1262,/fabricio-fallas/profil/spieler/195160
1263,/arnald-mejias/profil/spieler/224084
1264,/eduardo-abarca/profil/spieler/232708
1265,/jean-pablo-paz/profil/spieler/240557
1266,/rodolfo-gabriels/profil/spieler/233434
1267,/kendall-carballo/profil/spieler/240478
1268,/jorge-alberto-drovandi/profil/spieler/52172
1269,/brayan-zamora/profil/spieler/229773
1270,/cristopher-hurtado/profil/spieler/260775
1271,/jose-cruz/profil/spieler/243669
1272,/bruno-barenchi/profil/spieler/260108
1273,/orlando-madriz/profil/spieler/229930
1274,/jonathan-marchena/profil/spieler/235182
1275,/cesar-gonzalez/profil/spieler/214822
1276,/samuel-kenton/profil/spieler/235173
1277,/oscar-cisneros/profil/spieler/257935
1278,/andrey-carranza/profil/spieler/256195
1279,/esteban-santana/profil/spieler/266940
1280,/ricardo-valle/profil/spieler/225705
1281,/rolando-fonseca/profil/spieler/38243
1282,/eric-sanchez/profil/spieler/193839
1283,/oscar-diaz/profil/spieler/24991
1284,/alexander-castro/profil/spieler/35370
1285,/jorge-anchen/profil/spieler/66327
1286,/carlos-fernandez/profil/spieler/211493
1287,/fausto-gonzalez/profil/spieler/124977
1288,/walter-centeno/profil/spieler/35371
1289,/alonso-solis/profil/spieler/35379
1290,/gustavo-fernandez/profil/spieler/30957
1291,/marvin-mcelroy/profil/spieler/223320
1292,/jossimar-downer/profil/spieler/211675
1293,/maikol-cerdas/profil/spieler/214808
1294,/gustavo-perez/profil/spieler/217231
1295,/ronald-corrales/profil/spieler/214811
1296,/manuel-salazar/profil/spieler/222762
1297,/andy-herron/profil/spieler/35374
1298,/william-phillips/profil/spieler/193620
1299,/ivan-garcia/profil/spieler/38235
1300,/giancarlo-gonzalez/profil/spieler/111893
1301,/mauro-castro/profil/spieler/211669
1302,/marcelo-sarvas/profil/spieler/48198
1303,/everton-cezar/profil/spieler/112381
1304,/froylan-ledezma/profil/spieler/38011
1305,/osvaldo-quesada/profil/spieler/211486
1306,/josue-salas/profil/spieler/122597
1307,/hector-hidalgo/profil/spieler/194008
1308,/kevin-sanabria/profil/spieler/230819
1309,/osman-lopez/profil/spieler/90842
1310,/arturo-mirault/profil/spieler/240731
1311,/eneas/profil/spieler/193999
1312,/wonder-charpentier/profil/spieler/195278
1313,/jason-villalta/profil/spieler/211858
1314,/francisco-mendoza/profil/spieler/39480
1315,/jheirel-downs/profil/spieler/195369
1316,/jean-carlos-chacon/profil/spieler/38225
1317,/tomas-quesada/profil/spieler/194500
1318,/mario-hernandez/profil/spieler/70695
1319,/giancarlo-mesen/profil/spieler/217288
1320,/oscar-seravalli/profil/spieler/128819
1321,/enar-bolanos/profil/spieler/194907
1322,/alberto-jimenez/profil/spieler/194920
1323,/richard-mahoney/profil/spieler/228079
1324,/martin-arriola/profil/spieler/139429
1325,/carlos-rodriguez/profil/spieler/195537
1326,/sergio-martinez/profil/spieler/194922
1327,/ronny-chaves/profil/spieler/214809
1328,/gustavo-perez/profil/spieler/195449
1329,/alex-silva/profil/spieler/216137
1330,/jason-alvarez/profil/spieler/214804
1331,/andres-barrantes/profil/spieler/222102
1332,/eder-perez/profil/spieler/194928
1333,/leonardo-ocamica/profil/spieler/194927
1334,/byron-sosa/profil/spieler/222357
1335,/francisco-duran/profil/spieler/224855
1336,/gideon-moreira/profil/spieler/230103
1337,/sergio-arrieta/profil/spieler/194904
1338,/bryan-gonzalez/profil/spieler/194915
1339,/mariano-blanco/profil/spieler/241189
1340,/allan-arias/profil/spieler/259214
1341,/luis-solis/profil/spieler/217233
1342,/victor-cordero/profil/spieler/194911
1343,/atim-roper/profil/spieler/211854
1344,/javier-hernandez/profil/spieler/224372
1345,/joseph-ramirez/profil/spieler/194930
1346,/william-sunsin/profil/spieler/38014
1347,/warner-hernandez/profil/spieler/194497
1348,/sherman-vasquez/profil/spieler/194501
1349,/rosmy-vega/profil/spieler/226895
1350,/luis-venegas/profil/spieler/194502
1351,/carlos-sanchez/profil/spieler/222356
1352,/andres-barquero/profil/spieler/194509
1353,/jose-campos/profil/spieler/194511
1354,/marco-fallas/profil/spieler/214818
1355,/nona/profil/spieler/194513
1356,/carlos-quesada/profil/spieler/211472
1357,/alvaro-sanchez/profil/spieler/225060
1358,/rodolfo-arnaez/profil/spieler/195413
1359,/jason-vega/profil/spieler/195439
1360,/rafael-rojas/profil/spieler/221652
1361,/rox-gonzalez/profil/spieler/195435
1362,/andres-orozco/profil/spieler/195438
1363,/jose-castillo/profil/spieler/211471
1364,/erick-jimenez/profil/spieler/211588
1365,/johnn-sanchez/profil/spieler/211473
1366,/deybid-elizondo/profil/spieler/195432
1367,/erick-corrales/profil/spieler/195430
1368,/daniel-alvarado/profil/spieler/195443
1369,/jesus-vargas/profil/spieler/195471
1370,/jesus-gonzalez/profil/spieler/215179
1371,/jessy-hall/profil/spieler/224744
1372,/gonzalo-amarilla/profil/spieler/195461
1373,/gustavo-murillo/profil/spieler/195448
1374,/kenneth-vargas/profil/spieler/122703
1375,/fernando-hay/profil/spieler/237532
1376,/hector-sanabria/profil/spieler/195544
1377,/victor-cordero/profil/spieler/38241
1378,/jervis-drummond/profil/spieler/38228
1379,/saul-phillip/profil/spieler/90848
1380,/alejandro-sequeira/profil/spieler/125424
1381,/joel-campbell/profil/spieler/131248
1382,/maximiliano-badell/profil/spieler/56070
1383,/kenneth-gamboa/profil/spieler/259648
1384,/oscar-briceno/profil/spieler/74052
1385,/luis-bolanos/profil/spieler/193852
1386,/luis-marin/profil/spieler/35375
1387,/cristhian-perez/profil/spieler/309788
1388,/carlos-ortiz/profil/spieler/247368
1389,/kenneth-salas/profil/spieler/245638
1390,/carl-gordon/profil/spieler/245573
1391,/roy-benavides/profil/spieler/281088
1392,/jonathan-valenciano/profil/spieler/90852
1393,/alonso-hilarion/profil/spieler/245582
1394,/daniel-arias/profil/spieler/267448
1395,/gherland-mcdonald/profil/spieler/37307
1396,/elmer-umana/profil/spieler/258716
1397,/marvin-vargas/profil/spieler/268435
1398,/emanuel-corea/profil/spieler/195148
1399,/kevin-stewart/profil/spieler/288012
1400,/max-sanchez/profil/spieler/258712
1401,/david-diah/profil/spieler/223121
1402,/evance-benwell/profil/spieler/258690
1403,/sebastian-fuentes/profil/spieler/76691
1404,/alejandro-la-cruz/profil/spieler/76765
1405,/lee-zapata/profil/spieler/268191
1406,/maiky-vargas/profil/spieler/375062
1407,/gabriel-masner/profil/spieler/260902
1408,/anthony-caruzo/profil/spieler/268187
1409,/emmanuel-campos/profil/spieler/260881
1410,/eduardo-arroyo/profil/spieler/268337
1411,/jose-mendoza/profil/spieler/297977
1412,/carlos-gonzalez/profil/spieler/308422
1413,/emmanuel-gaytan/profil/spieler/108764
1414,/bryan-valerin/profil/spieler/281211
1415,/franco-basso/profil/spieler/242795
1416,/diego-cordero/profil/spieler/326005
1417,/cesar-artavia/profil/spieler/259216
1418,/kenneth-cordero/profil/spieler/326003
1419,/ignacio-aguilar/profil/spieler/111908
1420,/pablo-camacho/profil/spieler/241717
1421,/gerald-ramirez/profil/spieler/242835
1422,/douber-da-silva/profil/spieler/259219
1423,/jauer-ruiz/profil/spieler/259226
1424,/leonardo-araya/profil/spieler/259213
1425,/brayan-jimenez/profil/spieler/111788
1426,/andrey-gonzalez/profil/spieler/121687
1427,/yeinor-santamaria/profil/spieler/242838
1428,/helbert-nunez/profil/spieler/242832
1429,/piero-sandoval/profil/spieler/242837
1430,/alberto-davila/profil/spieler/259220
1431,/edwin-leal/profil/spieler/263074
1432,/alexis-cambronero/profil/spieler/383979
1433,/gustavo-avila/profil/spieler/59700
1434,/hercules-cardoso/profil/spieler/235151
1435,/johnny-cubero/profil/spieler/79973
1436,/gustavo-obando/profil/spieler/297788
1437,/jonathan-valerio/profil/spieler/122587
1438,/rodrigo-salomon/profil/spieler/243823
1439,/edder-vado/profil/spieler/266957
1440,/darwing-mora/profil/spieler/266951
1441,/claudio-bustos/profil/spieler/375061
1442,/joao-johanning/profil/spieler/288615
1443,/maximiliano-quiroga/profil/spieler/243076
1444,/bruno-diaz/profil/spieler/243821
1445,/rafael-gaytan/profil/spieler/66836
1446,/fabian-morais/profil/spieler/204485
1447,/leonardo-abelenda/profil/spieler/72571
1448,/raudy-rodriguez/profil/spieler/281103
1449,/juan-carlos-armijo/profil/spieler/259215
1450,/cristian-gonzalez/profil/spieler/267470
1451,/saul-madrigal/profil/spieler/375067
1452,/rodrigo-vargas/profil/spieler/266959
1453,/ignacio-solis/profil/spieler/285678
1454,/diego-solis/profil/spieler/297839
1455,/omar-royero/profil/spieler/259225
1456,/emmanuel-oconitrillo/profil/spieler/375063
1457,/jeren-johnson/profil/spieler/259221
1458,/julio-morales/profil/spieler/259222
1459,/esteban-gutierrez/profil/spieler/375064
1460,/pablo-madrigal/profil/spieler/375065
1461,/steven-viales/profil/spieler/375066
1462,/jose-brenes/profil/spieler/90833
1463,/christian-badilla/profil/spieler/35367
1464,/diego-quesada/profil/spieler/272401
1465,/windell-gabriel/profil/spieler/79622
1466,/fabricio-cespedes/profil/spieler/259642
1467,/keylor-navas/profil/spieler/79422
1468,/bryan-oviedo/profil/spieler/124983
1469,/esteban-luna/profil/spieler/128525
1470,/alvaro-mesen/profil/spieler/38233
1471,/jhanny-flores/profil/spieler/121685
1472,/vinicio-centeno/profil/spieler/121682
1473,/freddy-fernandez/profil/spieler/86080
1474,/misael-ruiz/profil/spieler/341699
1475,/harold-wallace/profil/spieler/36968
1476,/cristian-gamboa/profil/spieler/121686
1477,/gustavo-bustos/profil/spieler/121681
1478,/santiago-aloi/profil/spieler/273685
1479,/fabio-villarreal/profil/spieler/121696
1480,/javier-bennett/profil/spieler/121680
1481,/mario-peralta/profil/spieler/344876
1482,/dennis-marshall/profil/spieler/113868
1483,/johnny-calderon/profil/spieler/77766
1484,/julio-hughes/profil/spieler/341691
1485,/luis-gallardo/profil/spieler/76976
1486,/mauricio-solis/profil/spieler/16446
1487,/valentin-villazan/profil/spieler/76533
1488,/jose-guity/profil/spieler/122698
1489,/patricio-gomez/profil/spieler/111691
1490,/leslie-ramos/profil/spieler/111901
1491,/javier-baldi/profil/spieler/193848
1492,/norberto-bonilla/profil/spieler/352568
1493,/berny-pena/profil/spieler/38012
1494,/ryan-roushandel/profil/spieler/322400
1495,/tray-bennette/profil/spieler/35368
1496,/marlon-arias/profil/spieler/90830
1497,/ariel-viegas/profil/spieler/341315
1498,/stephen/profil/spieler/352422
1499,/jewison-bennette/profil/spieler/308218
1500,/greivin-camacho/profil/spieler/321323
1501,/greivin-arce/profil/spieler/344874
1502,/alonso-salazar/profil/spieler/263078
1503,/guillermo-guardia/profil/spieler/263068
1504,/gustavo-martinez/profil/spieler/309921
1505,/ronald-gomez/profil/spieler/35372
1506,/bruno-cesar/profil/spieler/211825
1507,/shane-moody-orio/profil/spieler/69465
1508,/jose-pablo-fonseca/profil/spieler/233294
1509,/erick-rojas/profil/spieler/318205
1510,/carlos-espinoza/profil/spieler/321330
1511,/gustavo-brenes/profil/spieler/344875
1512,/reinaldo-anderson/profil/spieler/149538
1513,/diego-delgado/profil/spieler/419777
1514,/warren-granados/profil/spieler/113871
1515,/sergio-morales/profil/spieler/82418
1516,/christian-cisneros/profil/spieler/341314
1517,/julio-carvajal/profil/spieler/341700
1518,/rodrigo-cordero/profil/spieler/38227
1519,/martin-morello/profil/spieler/160511
1520,/luis-guillermo-campos/profil/spieler/298202
1521,/pablo-rodriguez/profil/spieler/261352
1522,/jesffy-valverde/profil/spieler/342302
1523,/ronny-urena/profil/spieler/341454
1524,/fernando-soler/profil/spieler/55947
1525,/diego-bertollo/profil/spieler/321320
1526,/fabio-moya/profil/spieler/341689
1527,/john-gonzalez/profil/spieler/74060
1528,/fabian-cosme/profil/spieler/341698
1529,/sthiven-piedra/profil/spieler/341316
1530,/jonathan-brenes/profil/spieler/308223
1531,/michael-meneses/profil/spieler/352421
1532,/kenneth-solano/profil/spieler/313533
1533,/roger-estrada/profil/spieler/260888
1534,/adrian-compan/profil/spieler/202207
1535,/reibyn-juarez/profil/spieler/260894
1536,/juan-carlos-varela/profil/spieler/308268
1537,/diego-gonzalez/profil/spieler/352419
1538,/luis-lara/profil/spieler/260897
1539,/hernan-perez/profil/spieler/342401
1540,/gustavo-arias/profil/spieler/341455
1541,/rodolfo-gamboa/profil/spieler/341692
1542,/cesar-cespedes/profil/spieler/307432
1543,/andres-chavez/profil/spieler/308225
1544,/edward-chiroldes/profil/spieler/318176
1545,/jorge-jimenez/profil/spieler/321336
1546,/cristopher-sanchez/profil/spieler/341313
1547,/ernesto-gutierrez/profil/spieler/259651
1548,/raymer-solano/profil/spieler/260369
1549,/victor-abelenda/profil/spieler/263063
